0x061861578d5d758e9c7ee129c4e5e812d4659227,50
0x080bc304bec182d311685b3f556e0c86973dcd3e,50
0x0e8d6fa80544566470b80ce24fd6b17801229009,50
0x11dba2bbb4c1e0c4f3f14fa252f1aecccffebed6,50
0x129c1128f2201e74257d1f17952f499ab2de7142,50
0x12a20108dcbba60d2814033294dafc8f1bc03b54,50
0x136d8836408b66111a14170f9e492241282edaee,50
0x1372532edb44b08893d829fe71e97f4e9fd958e4,50
0x1ada64bd35545dac88503cc073012cdd9e149573,50
0x20616cea5e1359988d0177c182a1403335b544ff,50
0x255bd8a226c9d5fffc99e8f82f900f982ec5bd7e,50
0x27ac651d5062aea0111d648dc6bb01622b2ead6b,50
0x29d4f740510324de0c2dbdd7e5f183c7c45b4762,50
0x2c8cbd784cb009be936087ee016474d96dac540e,50
0x31b12c342721a96185bbb68b61e913e8644117d8,50
0x3244d7278d2245abce29feca96206a3572f8e684,50
0x33a4ad739bc125830ec8ffe2700218c688ff99e4,50
0x33ef1271a9e7a2f3177f0a0700e56eecd93bebba,50
0x352064eda42d36a9eab33a5b0cce2fcece61f2ad,50
0x3615ea85ef5325bdb35e9dff78ddb7bb8931e478,50
0x3a823d801f946c4458e2fed39f51e5c8210a6aa3,50
0x41592ecc6d9c3f63a2fe861f3e852ee21005f3a2,50
0x45e5f2f0eb668423490627411d5184763907324d,50
0x499b1755602448937edba8f91d057e3066a158f6,50
0x4a0d922f5177f4518a19e4962629c0833c7c4a73,50
0x4a51a16b8de891fc3696574e2fefaf22f6987aaf,50
0x4cf9acda7d1e6f36d54c60f391fe26984964a443,50
0x5370b3ca55bb561e7bc050c81848873b9bcebbec,50
0x547783ed68509c2a5aec571caec1d73b98e3256c,50
0x61c36077de109464c83af26d70131fd6ecf07048,50
0x622e8f9182697734ec11874a9ec747e63df01bd4,50
0x678f477a2c446639349849f082c314fcfd95f36e,50
0x69b1543d55c5019512e941cd22bdbba50f1cb1ea,50
0x6a34a63c3e0c20f5a4293119f65192db4bae9d5b,50
0x6bd700b7e29306510f81e6d18825ded7af0136a5,50
0x6cee69922c486f2de81e69d27cc14c0a944be12e,50
0x701e17f803d0440f91d3db1e53be7547d76723f1,50
0x706ccdb3afa16b79225efd153fcfc514cabc08f7,50
0x7448e97dd1f1a600a8832450bd962d3fcd8c5198,50
0x7d30db5b2edab43f7a98645e9a6a0e4806d29ae4,50
0x7e16bfa814f0c91defc26d8bbb8d36bd65820867,50
0x8022ee747be85386f562e86f5bd052c20fe224e3,50
0x812fb28e9ff4f9a896eda84f4658dd9ed218cf71,50
0x85cde47a78d5c2154a663ce85d38f925b24c9893,50
0x8d8291dfeaf5cb4a051be44b1842b7e050e0e63e,50
0x9241d3832b0d64b33f0f59a9f5d06cefd1225046,50
0x92e01a64719fa1530fa3e38a20ae333033f9624f,50
0x97fd648413b66e31262db082671f0da0519771a8,50
0x9a44c50599e9b3f1c38f6c7cf0cae99d15f1a77e,50
0x9ab57cf9c7b16c334a982d79bb96c96705bea673,50
0x9f80049dc11ce6a724aadfa4a00592b593a1f1ae,50
0x9fd9175c4a3b43451a94ffe74b07c9529cb24a08,50
0xa1732c5c4088c4cc68064ae0be128b2d59aa4604,50
0xaba5509bdcaf5d7b97d65a3bc9aa5261a14119b1,50
0xafd0353d4d0415d88bbb6fd5faa05213826094ed,50
0xb569a24f09fab23a166074ad21e04fb346e59ed5,50
0xb7cd8d92122b18b9d368c101e8d1d45c3def372f,50
0xba04f21cda9a3e93f31a4f1d0599dcca82439c21,50
0xbb739ee04f0cc2db984cd47ead003f4c183cf19a,50
0xd0ac576285420e5568ab07e7519dbe1a5e282776,50
0xd1f0395d47ec5474aa19c50426387a9e552f37df,50
0xe64173bff621dbc4c33c18c6b3f64a78c4ff3689,50
0xe73451e2bb7d39b5cfe4181c0391000d05cf7cc9,50
0xe76dca37beed07a34101c4c798041d67a9bb0eab,50
0xe855156d4ddd8dcbd0f5af9d0537320b1e8f4ba2,50
0xe976a66e36770506f0e3e0072c47d58a2cfc41f2,50
0xf2739ef0556253677337295ca49a7a11499f01d1,50
0xf9e5584f98a4c8056deff6f185823d263eb75485,50
0xfae326ff006d43f0b0f15979e759edcd94e03245,50
0xfc007d3fcd4724534bf6ba799bad4a67f8dad302,50
0x0f71b5afb389af61be54529898eec917175353db,100
0x16ecb14212d3689408ed2dd59b5eb321f6dd1ced,100
0x271824a5d9edd3a1d2a039f2c3eec50f8d213815,100
0x4578982d69db3eb1e077d7a30dabb9ba03987e1a,100
0x4f648a5cf68d2588c9459292b9c279202876e152,100
0x4fb0502c9e8bdb4873e1e08b6e58099ffe39d707,100
0x595c9fb052aeda24e80b3a30debcd13bf51b8402,100
0x5dad7196cbae63b13e369fc304e2a7c13ef2d1c7,100
0x61679bdb211b29def4524172872efae8852c08d1,100
0x772f78a34278d4b10acf3ea92a56e4c3daa7a6e2,100
0xa5b793b34afc947dbd1e6500209f65ec6ff76a05,100
0xa9ffa6b04565e9ef06271ae636cecf466d637201,100
0xe6ba32be323788b404095b5691e16c328e3be66b,100
0xeabb755d1fd7164d8b7ec092c4e6fc872f50067e,100
0xf78b64354c77aa1ddd24e92e12ef1aa380fd5eff,100
0x10662025145b7eac2e41c4033828ee044d0ccf91,150
0x13710a2f445267dd5a8e4a26976bce8201ba7508,150
0x15898af26b880cb327a911a2a211dc19afb75bc3,150
0x3a8da9c57dc28e1cd127bc615f9d1a697e35ba7c,150
0x4c3b26826acf57121b4d3df8a3ea6782a9a1220a,150
0x4cdbdebffb5e99dbe63f09909924dbd1a77a060b,150
0x5a1c0d1a1f34523b6f04d681c52a636cae532501,150
0x627e9ca257e126050d9b82ef213c992ca65caca7,150
0x65290b53288a94933440e328c186c17435c46a0a,150
0x65d3f26cbcf2cab66d392561838fe21b95394fed,150
0x7eb09b7596b5dd4f9a66e1c927669ef24e59202f,150
0xa5df69c1f7a1eff14ff6f682733c7b8d6da62ecc,150
0xb6d089f0b4865f922fe92815a1c90b53598e5aae,150
0xc0f88f85fc268755bb5fa618a0cbb0dec6e17a3d,150
0xdaa2b3a066766f90f1e0a8a29768668d6db07af6,150
0xf28f0806bd95146909976f4aee35298b45935f82,150
0x5535a921b4342a72eb521e10c001a01f83528285,200
0x59ce8aebfec9dd73306481bb389cf0e75834a3c1,200
0xef1176712508e84383d98e9d90204f1e4cb75bbf,200
0xf88bf56fc27e60f239353f7149f9e5218d72ffcb,200
0x0da160ed3adaaa9c97e150893e5d712eaffd1fd5,250
0x2412946dc3b75500e908ddf40f4ae768a4701f3a,250
0x25a915c43e2e9e5aa081f371a6679d01c011384a,250
0x6995d711f51dd187b430c4f73dd4b506d886cd99,250
0x87ac7f2282d420ebab6ba77bf3db22847ad9de08,250
0xdc6addf985f6aa3022e387680e5c928466bd6579,250
0x1d0b8096e0f01d37d8a2d8217f664a23e0f9354d,300
0x40f51eb502ac737b4874925feac8c970f9b01f74,300
0x76156bda9c0e98f417f90d2c157b6d8f4fa042fe,300
0x85e8b67a1ef229549b49ea0cdc0a646fec1a86e8,300
0x99da35c6152378d25e1657784e193483e14f10e2,300
0xcec34dc2647b17aa2b27edf5d79f25f43f3fa9ae,350
0xc9cbb11f6237480c5fe1404eb1196bdc0ff994e5,500
0xa8320a755c34c91635080ac44fa9ade72a9a7606,550
0x773c31b23d1619ca2084facf3abfa78aa97b452f,650
0xcf46aa165d5c3bf98251a24beaec360d9768ef9e,750
0xa4ef644fb0256169a541ab0e5d4fd2ba613850fe,800
0x88986e06e06ff952f9effdcd63a5c6887b78b505,1000
